{
  "eye": {
    "orientation": [
      0.07863113284111023,
      0.06961660087108612,
      -0.03436804562807083,
      0.993876039981842
    ],
    "magnitude": 0.5773502588272095,
    "position": [
      694.087890625,
      249.6504669189453,
      2036.775634765625
    ]
  },
  "paths": [],
  "ortho": true,
  "radius": 866.025390625,
  "visualHints": 0
}