{
  "eye": {
    "orientation": [
      0,
      0,
      0,
      1
    ],
    "magnitude": 0.5773502588272095,
    "position": [
      500,
      500,
      2000
    ]
  },
  "paths": [],
  "ortho": true,
  "radius": 866.025390625,
  "visualHints": 2
}