{
  "eye": {
    "orientation": [
      0.08303613215684891,
      0.02709178254008293,
      0.027601053938269615,
      0.9957958459854126
    ],
    "magnitude": 0.5773502588272095,
    "position": [
      576.659912109375,
      254.6808319091797,
      1977.8135986328125
    ]
  },
  "paths": [],
  "ortho": true,
  "radius": 866.025390625,
  "visualHints": 0
}