{
  "eye": {
    "orientation": [
      -0.012517383322119713,
      -0.985840916633606,
      -0.1433573216199875,
      0.0860796794295311
    ],
    "magnitude": 0.12294495105743408,
    "position": [
      70.20413208007812,
      1020.2008056640625,
      -968.2686767578125
    ]
  },
  "paths": [],
  "ortho": true,
  "radius": 866.025390625,
  "visualHints": 0
}